rank,coarse_x,coarse_y,coarse_z,coarse_p_abs,coarse_local_p_ratio,coarse_U,coarse_grad_norm,coarse_well_depth,coarse_lambda_min_conf,refined_x,refined_y,refined_z,refined_distance_from_coarse,refined_p_abs,refined_box_p_ratio,refined_box_p_ref,refined_box_p_sample_count,refined_U,refined_grad_norm,refined_grad_ratio_to_coarse,refined_box_well_depth,refined_lambda_min_conf,refined_local_minimum_26,refined_hessian_positive,refined_minimum_on_edge,newton_dx,newton_dy,newton_dz,newton_offset_norm,newton_x,newton_y,newton_z,newton_in_refine_box,refine_validation_pass,refine_validation_reason,local_refine_radius,local_refine_grid_size,local_refine_dx,local_refine_dy,local_refine_dz
1,0.000000000e+00,0.000000000e+00,4.256386139e-02,5.109518021e+03,6.919928791e-02,-1.576775706e-05,2.372045022e-03,6.872995383e-07,1.402228518e+00,0.000000000e+00,0.000000000e+00,4.264961139e-02,8.575000000e-05,2.335991608e+03,4.534116905e-02,5.152032152e+04,1030301,-1.598866430e-05,1.790314352e-04,7.547556369e-02,1.856530439e-09,6.263869471e+00,True,True,False,-3.674056705e-16,1.052703588e-15,4.701508076e-06,4.701508076e-06,-3.674056705e-16,1.052703588e-15,4.265431289e-02,True,True,pass,1.071875000e-03,101,2.143750000e-05,2.143750000e-05,2.143750000e-05
2,0.000000000e+00,0.000000000e+00,3.789158416e-02,6.395255839e+03,8.843929422e-02,-1.463612177e-05,1.712908827e-03,6.387030535e-07,1.303081861e+00,0.000000000e+00,2.143750000e-05,3.795589666e-02,6.779132734e-05,6.033167635e+03,1.234897720e-01,4.885560591e+04,1030301,-1.480029241e-05,1.425897030e-04,8.324418714e-02,2.371692252e-20,1.752328783e+01,True,True,False,-2.531036022e-16,7.991425458e-06,1.354744646e-06,8.105443473e-06,-2.531036022e-16,2.942892546e-05,3.795725140e-02,True,True,pass,1.071875000e-03,101,2.143750000e-05,2.143750000e-05,2.143750000e-05
3,0.000000000e+00,0.000000000e+00,3.321930693e-02,6.989971912e+03,1.037716661e-01,-1.247630332e-05,7.690096124e-04,5.359350653e-07,1.093414720e+00,0.000000000e+00,0.000000000e+00,3.326218193e-02,4.287500000e-05,7.492678165e+03,1.659410217e-01,4.515265779e+04,1030301,-1.258961478e-05,8.166705745e-05,1.061977069e-01,7.981636378e-09,4.978322085e+01,True,True,False,7.485936565e-18,-2.359288620e-17,1.640453471e-06,1.640453471e-06,7.485936565e-18,-2.359288620e-17,3.326382238e-02,True,True,pass,1.071875000e-03,101,2.143750000e-05,2.143750000e-05,2.143750000e-05
4,0.000000000e+00,0.000000000e+00,2.854702970e-02,5.889584406e+03,9.768921342e-02,-9.361335401e-06,9.420185025e-05,3.768095573e-07,7.687668587e-01,-8.575000000e-05,-8.575000000e-05,2.854702970e-02,1.212688130e-04,5.872416427e+03,1.406021863e-01,4.176618147e+04,1030301,-9.433281375e-06,7.759596738e-05,8.237202048e-01,6.623928710e-09,8.907884102e+00,True,True,False,2.927244196e-06,2.927244196e-06,7.997337869e-07,4.216288806e-06,-8.282275580e-05,-8.282275580e-05,2.854782944e-02,True,True,pass,1.071875000e-03,101,2.143750000e-05,2.143750000e-05,2.143750000e-05
5,0.000000000e+00,0.000000000e+00,2.387475248e-02,8.589222624e+03,1.730698223e-01,-5.537909851e-06,3.407385843e-04,1.309223649e-07,2.671078089e-01,1.500625000e-04,-6.431250000e-05,2.383187748e-02,1.687990438e-04,7.530972581e+03,2.116866419e-01,3.557604066e+04,1030301,-5.598341185e-06,1.514140266e-04,4.443700643e-01,4.911639326e-09,2.927121803e+01,True,True,False,2.881019790e-06,3.108079157e-07,2.101508716e-06,3.579555206e-06,1.529435198e-04,-6.400169208e-05,2.383397898e-02,True,True,pass,1.071875000e-03,101,2.143750000e-05,2.143750000e-05,2.143750000e-05
6,2.970297030e-03,-2.970297030e-03,6.884653465e-03,2.186581083e+03,8.018096991e-02,-2.224817398e-06,6.338437761e-05,5.996373937e-08,1.513167917e-01,2.648734530e-03,-2.648734530e-03,6.927528465e-03,4.567747239e-04,3.945439901e+03,2.067392600e-01,1.908413478e+04,1030301,-2.303256796e-06,2.245250662e-04,3.542277683e+00,5.075530024e-09,5.835491041e+01,True,True,False,-1.230710752e-06,1.230710752e-06,-1.884988047e-06,2.565634005e-06,2.647503819e-03,-2.647503819e-03,6.925643477e-03,True,True,pass,1.071875000e-03,101,2.143750000e-05,2.143750000e-05,2.143750000e-05
7,-2.970297030e-03,2.970297030e-03,6.884653465e-03,2.186581083e+03,8.018096991e-02,-2.224817398e-06,6.338437761e-05,5.996373937e-08,1.513167917e-01,-2.648734530e-03,2.648734530e-03,6.927528465e-03,4.567747239e-04,3.945439901e+03,2.067392600e-01,1.908413478e+04,1030301,-2.303256796e-06,2.245250662e-04,3.542277683e+00,5.075530024e-09,5.835491041e+01,True,True,False,1.230710752e-06,-1.230710752e-06,-1.884988047e-06,2.565634005e-06,-2.647503819e-03,2.647503819e-03,6.925643477e-03,True,True,pass,1.071875000e-03,101,2.143750000e-05,2.143750000e-05,2.143750000e-05
8,2.970297030e-03,2.970297030e-03,6.884653465e-03,2.186581083e+03,8.018096991e-02,-2.224817398e-06,6.338437761e-05,5.996373937e-08,1.513167917e-01,2.648734530e-03,2.648734530e-03,6.927528465e-03,4.567747239e-04,3.945439901e+03,2.067392600e-01,1.908413478e+04,1030301,-2.303256796e-06,2.245250662e-04,3.542277683e+00,5.075530024e-09,5.835491041e+01,True,True,False,-1.230710752e-06,-1.230710752e-06,-1.884988047e-06,2.565634005e-06,2.647503819e-03,2.647503819e-03,6.925643477e-03,True,True,pass,1.071875000e-03,101,2.143750000e-05,2.143750000e-05,2.143750000e-05
9,-2.970297030e-03,-2.970297030e-03,6.884653465e-03,2.186581083e+03,8.018096991e-02,-2.224817398e-06,6.338437761e-05,5.996373937e-08,1.513167917e-01,-2.648734530e-03,-2.648734530e-03,6.927528465e-03,4.567747239e-04,3.945439901e+03,2.067392600e-01,1.908413478e+04,1030301,-2.303256796e-06,2.245250662e-04,3.542277683e+00,5.075530024e-09,5.835491041e+01,True,True,False,1.230710752e-06,1.230710752e-06,-1.884988047e-06,2.565634005e-06,-2.647503819e-03,-2.647503819e-03,6.925643477e-03,True,True,pass,1.071875000e-03,101,2.143750000e-05,2.143750000e-05,2.143750000e-05
10,-1.534653465e-02,-3.960396040e-03,4.973267327e-03,4.902997560e+03,1.991308739e-01,-9.768639483e-07,1.252266468e-04,4.473881687e-08,1.821524365e-01,-1.536797215e-02,-4.067583540e-03,4.801767327e-03,2.033739820e-04,3.252846374e+03,2.009459048e-01,1.618767188e+04,1030301,-1.029669632e-06,3.482615301e-04,2.781049712e+00,3.834661202e-09,2.279877920e+01,True,True,False,-1.240173915e-06,-5.903608434e-07,6.836485488e-06,6.973097669e-06,-1.536921233e-02,-4.068173900e-03,4.808603812e-03,True,True,pass,1.071875000e-03,101,2.143750000e-05,2.143750000e-05,2.143750000e-05
11,1.534653465e-02,-3.960396040e-03,4.973267327e-03,4.902997560e+03,1.991308739e-01,-9.768639483e-07,1.252266468e-04,4.473881687e-08,1.821524365e-01,1.536797215e-02,-4.067583540e-03,4.801767327e-03,2.033739820e-04,3.252846374e+03,2.009459048e-01,1.618767188e+04,1030301,-1.029669632e-06,3.482615301e-04,2.781049712e+00,3.834661202e-09,2.279877920e+01,True,True,False,1.240173915e-06,-5.903608434e-07,6.836485488e-06,6.973097669e-06,1.536921233e-02,-4.068173900e-03,4.808603812e-03,True,True,pass,1.071875000e-03,101,2.143750000e-05,2.143750000e-05,2.143750000e-05
12,-3.960396040e-03,1.534653465e-02,4.973267327e-03,4.902997560e+03,1.991308739e-01,-9.768639483e-07,1.252266468e-04,4.473881687e-08,1.821524365e-01,-4.067583540e-03,1.536797215e-02,4.801767327e-03,2.033739820e-04,3.252846374e+03,2.009459048e-01,1.618767188e+04,1030301,-1.029669632e-06,3.482615301e-04,2.781049712e+00,3.834661202e-09,2.279877920e+01,True,True,False,-5.903608434e-07,1.240173915e-06,6.836485488e-06,6.973097669e-06,-4.068173900e-03,1.536921233e-02,4.808603812e-03,True,True,pass,1.071875000e-03,101,2.143750000e-05,2.143750000e-05,2.143750000e-05
13,-3.960396040e-03,-1.534653465e-02,4.973267327e-03,4.902997560e+03,1.991308739e-01,-9.768639483e-07,1.252266468e-04,4.473881687e-08,1.821524365e-01,-4.067583540e-03,-1.536797215e-02,4.801767327e-03,2.033739820e-04,3.252846374e+03,2.009459048e-01,1.618767188e+04,1030301,-1.029669632e-06,3.482615301e-04,2.781049712e+00,3.834661202e-09,2.279877920e+01,True,True,False,-5.903608434e-07,-1.240173915e-06,6.836485488e-06,6.973097669e-06,-4.068173900e-03,-1.536921233e-02,4.808603812e-03,True,True,pass,1.071875000e-03,101,2.143750000e-05,2.143750000e-05,2.143750000e-05
14,3.960396040e-03,1.534653465e-02,4.973267327e-03,4.902997560e+03,1.991308739e-01,-9.768639483e-07,1.252266468e-04,4.473881687e-08,1.821524365e-01,4.067583540e-03,1.536797215e-02,4.801767327e-03,2.033739820e-04,3.252846374e+03,2.009459048e-01,1.618767188e+04,1030301,-1.029669632e-06,3.482615301e-04,2.781049712e+00,3.834661202e-09,2.279877920e+01,True,True,False,5.903608432e-07,1.240173915e-06,6.836485488e-06,6.973097669e-06,4.068173900e-03,1.536921233e-02,4.808603812e-03,True,True,pass,1.071875000e-03,101,2.143750000e-05,2.143750000e-05,2.143750000e-05
15,3.960396040e-03,-1.534653465e-02,4.973267327e-03,4.902997560e+03,1.991308739e-01,-9.768639483e-07,1.252266468e-04,4.473881687e-08,1.821524365e-01,4.067583540e-03,-1.536797215e-02,4.801767327e-03,2.033739820e-04,3.252846374e+03,2.009459048e-01,1.618767188e+04,1030301,-1.029669632e-06,3.482615301e-04,2.781049712e+00,3.834661202e-09,2.279877920e+01,True,True,False,5.903608432e-07,-1.240173915e-06,6.836485488e-06,6.973097669e-06,4.068173900e-03,-1.536921233e-02,4.808603812e-03,True,True,pass,1.071875000e-03,101,2.143750000e-05,2.143750000e-05,2.143750000e-05
16,1.534653465e-02,3.960396040e-03,4.973267327e-03,4.902997560e+03,1.991308739e-01,-9.768639483e-07,1.252266468e-04,4.473881687e-08,1.821524365e-01,1.536797215e-02,4.067583540e-03,4.801767327e-03,2.033739820e-04,3.252846374e+03,2.009459048e-01,1.618767188e+04,1030301,-1.029669632e-06,3.482615301e-04,2.781049712e+00,3.834661202e-09,2.279877920e+01,True,True,False,1.240173915e-06,5.903608432e-07,6.836485488e-06,6.973097669e-06,1.536921233e-02,4.068173900e-03,4.808603812e-03,True,True,pass,1.071875000e-03,101,2.143750000e-05,2.143750000e-05,2.143750000e-05
17,-1.534653465e-02,3.960396040e-03,4.973267327e-03,4.902997560e+03,1.991308739e-01,-9.768639483e-07,1.252266468e-04,4.473881687e-08,1.821524365e-01,-1.536797215e-02,4.067583540e-03,4.801767327e-03,2.033739820e-04,3.252846374e+03,2.009459048e-01,1.618767188e+04,1030301,-1.029669632e-06,3.482615301e-04,2.781049712e+00,3.834661202e-09,2.279877920e+01,True,True,False,-1.240173915e-06,5.903608432e-07,6.836485488e-06,6.973097669e-06,-1.536921233e-02,4.068173900e-03,4.808603812e-03,True,True,pass,1.071875000e-03,101,2.143750000e-05,2.143750000e-05,2.143750000e-05
18,1.237623762e-02,0.000000000e+00,3.746683168e-02,1.873542820e+03,1.135959706e-01,-7.244534454e-07,8.030963321e-05,2.735126190e-08,5.580204453e-02,1.222617512e-02,1.929375000e-04,3.733820668e-02,2.762028665e-04,1.547329985e+03,1.342189368e-01,1.152840293e+04,1030301,-7.430950466e-07,2.246715613e-04,2.797566771e+00,4.280670874e-09,2.063559808e+01,True,True,False,8.285319549e-07,1.495104145e-06,1.016500802e-05,1.030772476e-05,1.222700366e-02,1.944326041e-04,3.734837169e-02,True,True,pass,1.071875000e-03,101,2.143750000e-05,2.143750000e-05,2.143750000e-05
19,0.000000000e+00,-1.237623762e-02,3.746683168e-02,1.873542820e+03,1.135959706e-01,-7.244534454e-07,8.030963321e-05,2.735126190e-08,5.580204453e-02,-1.929375000e-04,-1.222617512e-02,3.733820668e-02,2.762028665e-04,1.547329985e+03,1.342189368e-01,1.152840293e+04,1030301,-7.430950466e-07,2.246715613e-04,2.797566771e+00,4.280670873e-09,2.063559808e+01,True,True,False,-1.495104145e-06,-8.285319549e-07,1.016500803e-05,1.030772476e-05,-1.944326041e-04,-1.222700366e-02,3.734837169e-02,True,True,pass,1.071875000e-03,101,2.143750000e-05,2.143750000e-05,2.143750000e-05
20,0.000000000e+00,1.237623762e-02,3.746683168e-02,1.873542820e+03,1.135959706e-01,-7.244534454e-07,8.030963321e-05,2.735126190e-08,5.580204453e-02,-1.929375000e-04,1.222617512e-02,3.733820668e-02,2.762028665e-04,1.547329985e+03,1.342189368e-01,1.152840293e+04,1030301,-7.430950466e-07,2.246715613e-04,2.797566771e+00,4.280670874e-09,2.063559808e+01,True,True,False,-1.495104145e-06,8.285319549e-07,1.016500802e-05,1.030772476e-05,-1.944326041e-04,1.222700366e-02,3.734837169e-02,True,True,pass,1.071875000e-03,101,2.143750000e-05,2.143750000e-05,2.143750000e-05
21,-1.237623762e-02,0.000000000e+00,3.746683168e-02,1.873542820e+03,1.135959706e-01,-7.244534454e-07,8.030963321e-05,2.735126190e-08,5.580204453e-02,-1.222617512e-02,1.929375000e-04,3.733820668e-02,2.762028665e-04,1.547329985e+03,1.342189368e-01,1.152840293e+04,1030301,-7.430950466e-07,2.246715613e-04,2.797566771e+00,4.280670873e-09,2.063559808e+01,True,True,False,-8.285319549e-07,1.495104145e-06,1.016500803e-05,1.030772476e-05,-1.222700366e-02,1.944326041e-04,3.734837169e-02,True,True,pass,1.071875000e-03,101,2.143750000e-05,2.143750000e-05,2.143750000e-05
22,0.000000000e+00,1.237623762e-02,4.235148515e-02,1.110928493e+03,6.627810635e-02,-7.303860105e-07,1.082323618e-04,2.696603207e-08,5.501609863e-02,0.000000000e+00,1.250486262e-02,4.243723515e-02,1.545880109e-04,4.614632467e+02,4.202098864e-02,1.098173226e+04,1030301,-7.536488880e-07,1.819818040e-04,1.681399176e+00,4.216539728e-09,2.662325914e+01,True,True,False,-9.241486977e-19,-1.019266538e-06,-5.507885729e-06,5.601402456e-06,-9.241486977e-19,1.250384336e-02,4.243172726e-02,True,True,pass,1.071875000e-03,101,2.143750000e-05,2.143750000e-05,2.143750000e-05
23,1.237623762e-02,0.000000000e+00,4.235148515e-02,1.110928493e+03,6.627810635e-02,-7.303860105e-07,1.082323618e-04,2.696603207e-08,5.501609863e-02,1.250486262e-02,0.000000000e+00,4.243723515e-02,1.545880109e-04,4.614632467e+02,4.202098864e-02,1.098173226e+04,1030301,-7.536488880e-07,1.819818040e-04,1.681399176e+00,4.216539728e-09,2.662325914e+01,True,True,False,-1.019266538e-06,1.995552721e-18,-5.507885729e-06,5.601402456e-06,1.250384336e-02,1.995552721e-18,4.243172726e-02,True,True,pass,1.071875000e-03,101,2.143750000e-05,2.143750000e-05,2.143750000e-05
24,-1.237623762e-02,0.000000000e+00,4.235148515e-02,1.110928493e+03,6.627810635e-02,-7.303860105e-07,1.082323618e-04,2.696603207e-08,5.501609863e-02,-1.250486262e-02,0.000000000e+00,4.243723515e-02,1.545880109e-04,4.614632467e+02,4.202098864e-02,1.098173226e+04,1030301,-7.536488880e-07,1.819818040e-04,1.681399176e+00,4.216539727e-09,2.662325914e+01,True,True,False,1.019266537e-06,5.773947491e-20,-5.507885729e-06,5.601402456e-06,-1.250384336e-02,5.773947491e-20,4.243172726e-02,True,True,pass,1.071875000e-03,101,2.143750000e-05,2.143750000e-05,2.143750000e-05
25,0.000000000e+00,-1.237623762e-02,4.235148515e-02,1.110928493e+03,6.627810635e-02,-7.303860105e-07,1.082323618e-04,2.696603207e-08,5.501609863e-02,0.000000000e+00,-1.250486262e-02,4.243723515e-02,1.545880109e-04,4.614632467e+02,4.202098864e-02,1.098173226e+04,1030301,-7.536488880e-07,1.819818040e-04,1.681399176e+00,4.216539727e-09,2.662325914e+01,True,True,False,1.466335937e-17,1.019266537e-06,-5.507885729e-06,5.601402456e-06,1.466335937e-17,-1.250384336e-02,4.243172726e-02,True,True,pass,1.071875000e-03,101,2.143750000e-05,2.143750000e-05,2.143750000e-05
26,-1.683168317e-02,-1.287128713e-02,4.336138614e-03,4.071263133e+03,1.583792783e-01,-8.367539070e-07,2.025115811e-04,2.573872760e-08,1.985125139e-01,-1.696030817e-02,-1.265691213e-02,4.271826114e-03,2.581416838e-04,2.451763022e+03,1.684343221e-01,1.455619609e+04,1030301,-9.015499378e-07,3.177235808e-04,1.568915610e+00,3.386944676e-09,3.295819573e+01,True,True,False,4.776538796e-06,3.395200357e-06,-2.308119148e-06,6.298422210e-06,-1.695553163e-02,-1.265351693e-02,4.269517995e-03,True,True,pass,1.071875000e-03,101,2.143750000e-05,2.143750000e-05,2.143750000e-05
27,1.683168317e-02,-1.287128713e-02,4.336138614e-03,4.071263133e+03,1.583792783e-01,-8.367539070e-07,2.025115811e-04,2.573872760e-08,1.985125139e-01,1.696030817e-02,-1.265691213e-02,4.271826114e-03,2.581416838e-04,2.451763022e+03,1.684343221e-01,1.455619609e+04,1030301,-9.015499378e-07,3.177235808e-04,1.568915610e+00,3.386944676e-09,3.295819573e+01,True,True,False,-4.776538796e-06,3.395200357e-06,-2.308119148e-06,6.298422210e-06,1.695553163e-02,-1.265351693e-02,4.269517995e-03,True,True,pass,1.071875000e-03,101,2.143750000e-05,2.143750000e-05,2.143750000e-05
28,1.287128713e-02,-1.683168317e-02,4.336138614e-03,4.071263133e+03,1.583792783e-01,-8.367539070e-07,2.025115811e-04,2.573872760e-08,1.985125139e-01,1.265691213e-02,-1.696030817e-02,4.271826114e-03,2.581416838e-04,2.451763022e+03,1.684343221e-01,1.455619609e+04,1030301,-9.015499378e-07,3.177235808e-04,1.568915610e+00,3.386944676e-09,3.295819573e+01,True,True,False,-3.395200357e-06,4.776538796e-06,-2.308119148e-06,6.298422210e-06,1.265351693e-02,-1.695553163e-02,4.269517995e-03,True,True,pass,1.071875000e-03,101,2.143750000e-05,2.143750000e-05,2.143750000e-05
29,-1.287128713e-02,-1.683168317e-02,4.336138614e-03,4.071263133e+03,1.583792783e-01,-8.367539070e-07,2.025115811e-04,2.573872760e-08,1.985125139e-01,-1.265691213e-02,-1.696030817e-02,4.271826114e-03,2.581416838e-04,2.451763022e+03,1.684343221e-01,1.455619609e+04,1030301,-9.015499378e-07,3.177235808e-04,1.568915610e+00,3.386944676e-09,3.295819573e+01,True,True,False,3.395200358e-06,4.776538796e-06,-2.308119148e-06,6.298422210e-06,-1.265351693e-02,-1.695553163e-02,4.269517995e-03,True,True,pass,1.071875000e-03,101,2.143750000e-05,2.143750000e-05,2.143750000e-05
30,1.287128713e-02,1.683168317e-02,4.336138614e-03,4.071263133e+03,1.583792783e-01,-8.367539070e-07,2.025115811e-04,2.573872760e-08,1.985125139e-01,1.265691213e-02,1.696030817e-02,4.271826114e-03,2.581416838e-04,2.451763022e+03,1.684343221e-01,1.455619609e+04,1030301,-9.015499378e-07,3.177235808e-04,1.568915610e+00,3.386944676e-09,3.295819573e+01,True,True,False,-3.395200357e-06,-4.776538796e-06,-2.308119148e-06,6.298422210e-06,1.265351693e-02,1.695553163e-02,4.269517995e-03,True,True,pass,1.071875000e-03,101,2.143750000e-05,2.143750000e-05,2.143750000e-05
31,-1.683168317e-02,1.287128713e-02,4.336138614e-03,4.071263133e+03,1.583792783e-01,-8.367539070e-07,2.025115811e-04,2.573872760e-08,1.985125139e-01,-1.696030817e-02,1.265691213e-02,4.271826114e-03,2.581416838e-04,2.451763022e+03,1.684343221e-01,1.455619609e+04,1030301,-9.015499378e-07,3.177235808e-04,1.568915610e+00,3.386944676e-09,3.295819573e+01,True,True,False,4.776538796e-06,-3.395200357e-06,-2.308119148e-06,6.298422210e-06,-1.695553163e-02,1.265351693e-02,4.269517995e-03,True,True,pass,1.071875000e-03,101,2.143750000e-05,2.143750000e-05,2.143750000e-05
32,-1.287128713e-02,1.683168317e-02,4.336138614e-03,4.071263133e+03,1.583792783e-01,-8.367539070e-07,2.025115811e-04,2.573872760e-08,1.985125139e-01,-1.265691213e-02,1.696030817e-02,4.271826114e-03,2.581416838e-04,2.451763022e+03,1.684343221e-01,1.455619609e+04,1030301,-9.015499378e-07,3.177235808e-04,1.568915610e+00,3.386944676e-09,3.295819573e+01,True,True,False,3.395200358e-06,-4.776538796e-06,-2.308119148e-06,6.298422210e-06,-1.265351693e-02,1.695553163e-02,4.269517995e-03,True,True,pass,1.071875000e-03,101,2.143750000e-05,2.143750000e-05,2.143750000e-05
33,1.683168317e-02,1.287128713e-02,4.336138614e-03,4.071263133e+03,1.583792783e-01,-8.367539070e-07,2.025115811e-04,2.573872760e-08,1.985125139e-01,1.696030817e-02,1.265691213e-02,4.271826114e-03,2.581416838e-04,2.451763022e+03,1.684343221e-01,1.455619609e+04,1030301,-9.015499378e-07,3.177235808e-04,1.568915610e+00,3.386944676e-09,3.295819573e+01,True,True,False,-4.776538796e-06,-3.395200357e-06,-2.308119148e-06,6.298422210e-06,1.695553163e-02,1.265351693e-02,4.269517995e-03,True,True,pass,1.071875000e-03,101,2.143750000e-05,2.143750000e-05,2.143750000e-05
34,-1.138613861e-02,0.000000000e+00,3.215742574e-02,4.235777863e+03,2.371984612e-01,-7.370852263e-07,9.462873849e-05,2.468690690e-08,5.036622747e-02,-1.157907611e-02,1.071875000e-04,3.213598824e-02,2.217512243e-04,3.155037764e+03,2.444391875e-01,1.290725025e+04,1030301,-7.711609946e-07,3.546147866e-04,3.747432252e+00,3.782223266e-09,4.378181539e+01,True,True,False,-1.594064911e-06,5.281629322e-06,4.110457008e-06,6.879862502e-06,-1.158067018e-02,1.124691293e-04,3.214009870e-02,True,True,pass,1.071875000e-03,101,2.143750000e-05,2.143750000e-05,2.143750000e-05
35,0.000000000e+00,-1.138613861e-02,3.215742574e-02,4.235777863e+03,2.371984612e-01,-7.370852263e-07,9.462873849e-05,2.468690690e-08,5.036622747e-02,-1.071875000e-04,-1.157907611e-02,3.213598824e-02,2.217512243e-04,3.155037764e+03,2.444391875e-01,1.290725025e+04,1030301,-7.711609946e-07,3.546147866e-04,3.747432252e+00,3.782223266e-09,4.378181539e+01,True,True,False,-5.281629322e-06,-1.594064911e-06,4.110457008e-06,6.879862502e-06,-1.124691293e-04,-1.158067018e-02,3.214009870e-02,True,True,pass,1.071875000e-03,101,2.143750000e-05,2.143750000e-05,2.143750000e-05
36,1.138613861e-02,0.000000000e+00,3.215742574e-02,4.235777863e+03,2.371984612e-01,-7.370852263e-07,9.462873849e-05,2.468690690e-08,5.036622747e-02,1.157907611e-02,1.071875000e-04,3.213598824e-02,2.217512243e-04,3.155037764e+03,2.444391875e-01,1.290725025e+04,1030301,-7.711609946e-07,3.546147866e-04,3.747432252e+00,3.782223266e-09,4.378181539e+01,True,True,False,1.594064911e-06,5.281629322e-06,4.110457008e-06,6.879862502e-06,1.158067018e-02,1.124691293e-04,3.214009870e-02,True,True,pass,1.071875000e-03,101,2.143750000e-05,2.143750000e-05,2.143750000e-05
37,0.000000000e+00,1.138613861e-02,3.215742574e-02,4.235777863e+03,2.371984612e-01,-7.370852263e-07,9.462873849e-05,2.468690690e-08,5.036622747e-02,1.071875000e-04,1.157907611e-02,3.213598824e-02,2.217512243e-04,3.155037764e+03,2.444391875e-01,1.290725025e+04,1030301,-7.711609946e-07,3.546147866e-04,3.747432252e+00,3.782223266e-09,4.378181539e+01,True,True,False,5.281629322e-06,1.594064911e-06,4.110457008e-06,6.879862502e-06,1.124691293e-04,1.158067018e-02,3.214009870e-02,True,True,pass,1.071875000e-03,101,2.143750000e-05,2.143750000e-05,2.143750000e-05
38,1.633663366e-02,2.128712871e-02,6.035148515e-03,4.266451723e+03,1.798227195e-01,-7.499764136e-07,2.858150694e-05,2.356300124e-08,9.087025509e-02,1.620800866e-02,2.137287871e-02,5.992273515e-03,1.604235605e-04,5.426597752e+03,3.893954370e-01,1.393595619e+04,1030301,-7.944361219e-07,1.122368258e-04,3.926903716e+00,8.841990974e-10,1.122026612e+01,True,True,False,3.246004022e-06,2.554436473e-06,1.305665859e-06,4.332026217e-06,1.621125467e-02,2.137543315e-02,5.993579181e-03,True,True,pass,1.071875000e-03,101,2.143750000e-05,2.143750000e-05,2.143750000e-05
39,-1.633663366e-02,2.128712871e-02,6.035148515e-03,4.266451723e+03,1.798227195e-01,-7.499764136e-07,2.858150694e-05,2.356300124e-08,9.087025509e-02,-1.620800866e-02,2.137287871e-02,5.992273515e-03,1.604235605e-04,5.426597752e+03,3.893954370e-01,1.393595619e+04,1030301,-7.944361219e-07,1.122368258e-04,3.926903716e+00,8.841990974e-10,1.122026612e+01,True,True,False,-3.246004022e-06,2.554436473e-06,1.305665859e-06,4.332026217e-06,-1.621125467e-02,2.137543315e-02,5.993579181e-03,True,True,pass,1.071875000e-03,101,2.143750000e-05,2.143750000e-05,2.143750000e-05
40,1.633663366e-02,-2.128712871e-02,6.035148515e-03,4.266451723e+03,1.798227195e-01,-7.499764136e-07,2.858150694e-05,2.356300124e-08,9.087025509e-02,1.620800866e-02,-2.137287871e-02,5.992273515e-03,1.604235605e-04,5.426597752e+03,3.893954370e-01,1.393595619e+04,1030301,-7.944361219e-07,1.122368258e-04,3.926903715e+00,8.841990975e-10,1.122026612e+01,True,True,False,3.246004022e-06,-2.554436473e-06,1.305665859e-06,4.332026216e-06,1.621125467e-02,-2.137543315e-02,5.993579181e-03,True,True,pass,1.071875000e-03,101,2.143750000e-05,2.143750000e-05,2.143750000e-05
41,2.128712871e-02,-1.633663366e-02,6.035148515e-03,4.266451723e+03,1.798227195e-01,-7.499764136e-07,2.858150694e-05,2.356300124e-08,9.087025509e-02,2.137287871e-02,-1.620800866e-02,5.992273515e-03,1.604235605e-04,5.426597752e+03,3.893954370e-01,1.393595619e+04,1030301,-7.944361219e-07,1.122368258e-04,3.926903715e+00,8.841990975e-10,1.122026612e+01,True,True,False,2.554436473e-06,-3.246004022e-06,1.305665859e-06,4.332026216e-06,2.137543315e-02,-1.621125467e-02,5.993579181e-03,True,True,pass,1.071875000e-03,101,2.143750000e-05,2.143750000e-05,2.143750000e-05
42,-1.633663366e-02,-2.128712871e-02,6.035148515e-03,4.266451723e+03,1.798227195e-01,-7.499764136e-07,2.858150694e-05,2.356300124e-08,9.087025509e-02,-1.620800866e-02,-2.137287871e-02,5.992273515e-03,1.604235605e-04,5.426597752e+03,3.893954370e-01,1.393595619e+04,1030301,-7.944361219e-07,1.122368258e-04,3.926903715e+00,8.841990975e-10,1.122026612e+01,True,True,False,-3.246004022e-06,-2.554436473e-06,1.305665859e-06,4.332026216e-06,-1.621125467e-02,-2.137543315e-02,5.993579181e-03,True,True,pass,1.071875000e-03,101,2.143750000e-05,2.143750000e-05,2.143750000e-05
43,2.128712871e-02,1.633663366e-02,6.035148515e-03,4.266451723e+03,1.798227195e-01,-7.499764136e-07,2.858150694e-05,2.356300124e-08,9.087025509e-02,2.137287871e-02,1.620800866e-02,5.992273515e-03,1.604235605e-04,5.426597752e+03,3.893954370e-01,1.393595619e+04,1030301,-7.944361219e-07,1.122368258e-04,3.926903715e+00,8.841990975e-10,1.122026612e+01,True,True,False,2.554436473e-06,3.246004022e-06,1.305665859e-06,4.332026216e-06,2.137543315e-02,1.621125467e-02,5.993579181e-03,True,True,pass,1.071875000e-03,101,2.143750000e-05,2.143750000e-05,2.143750000e-05
44,-2.128712871e-02,-1.633663366e-02,6.035148515e-03,4.266451723e+03,1.798227195e-01,-7.499764136e-07,2.858150694e-05,2.356300124e-08,9.087025509e-02,-2.137287871e-02,-1.620800866e-02,5.992273515e-03,1.604235605e-04,5.426597752e+03,3.893954370e-01,1.393595619e+04,1030301,-7.944361219e-07,1.122368258e-04,3.926903715e+00,8.841990975e-10,1.122026612e+01,True,True,False,-2.554436473e-06,-3.246004022e-06,1.305665859e-06,4.332026216e-06,-2.137543315e-02,-1.621125467e-02,5.993579181e-03,True,True,pass,1.071875000e-03,101,2.143750000e-05,2.143750000e-05,2.143750000e-05
45,-2.128712871e-02,1.633663366e-02,6.035148515e-03,4.266451723e+03,1.798227195e-01,-7.499764136e-07,2.858150694e-05,2.356300124e-08,9.087025509e-02,-2.137287871e-02,1.620800866e-02,5.992273515e-03,1.604235605e-04,5.426597752e+03,3.893954370e-01,1.393595619e+04,1030301,-7.944361219e-07,1.122368258e-04,3.926903715e+00,8.841990975e-10,1.122026612e+01,True,True,False,-2.554436473e-06,3.246004022e-06,1.305665859e-06,4.332026216e-06,-2.137543315e-02,1.621125467e-02,5.993579181e-03,True,True,pass,1.071875000e-03,101,2.143750000e-05,2.143750000e-05,2.143750000e-05
46,-2.970297030e-03,-2.970297030e-03,2.005198020e-02,7.250887580e+03,2.099695437e-01,-2.921438796e-06,3.319334056e-04,2.068927805e-08,3.751128148e-02,-2.948859530e-03,-2.948859530e-03,1.992335520e-02,1.321496252e-04,6.581662084e+03,2.644860158e-01,2.488472619e+04,1030301,-2.977012336e-06,7.873115505e-04,2.371896101e+00,4.105179557e-09,9.480507904e+01,True,True,False,4.587578826e-06,4.587578826e-06,-2.052237496e-07,6.491061220e-06,-2.944271951e-03,-2.944271951e-03,1.992314997e-02,True,True,pass,1.071875000e-03,101,2.143750000e-05,2.143750000e-05,2.143750000e-05
47,2.970297030e-03,-2.970297030e-03,2.005198020e-02,7.250887580e+03,2.099695437e-01,-2.921438796e-06,3.319334056e-04,2.068927805e-08,3.751128148e-02,2.948859530e-03,-2.948859530e-03,1.992335520e-02,1.321496252e-04,6.581662084e+03,2.644860158e-01,2.488472619e+04,1030301,-2.977012336e-06,7.873115505e-04,2.371896101e+00,4.105179556e-09,9.480507904e+01,True,True,False,-4.587578826e-06,4.587578826e-06,-2.052237496e-07,6.491061220e-06,2.944271951e-03,-2.944271951e-03,1.992314997e-02,True,True,pass,1.071875000e-03,101,2.143750000e-05,2.143750000e-05,2.143750000e-05
48,-2.970297030e-03,2.970297030e-03,2.005198020e-02,7.250887580e+03,2.099695437e-01,-2.921438796e-06,3.319334056e-04,2.068927805e-08,3.751128148e-02,-2.948859530e-03,2.948859530e-03,1.992335520e-02,1.321496252e-04,6.581662084e+03,2.644860158e-01,2.488472619e+04,1030301,-2.977012336e-06,7.873115505e-04,2.371896101e+00,4.105179556e-09,9.480507904e+01,True,True,False,4.587578826e-06,-4.587578826e-06,-2.052237496e-07,6.491061220e-06,-2.944271951e-03,2.944271951e-03,1.992314997e-02,True,True,pass,1.071875000e-03,101,2.143750000e-05,2.143750000e-05,2.143750000e-05
49,2.970297030e-03,2.970297030e-03,2.005198020e-02,7.250887580e+03,2.099695437e-01,-2.921438796e-06,3.319334056e-04,2.068927805e-08,3.751128148e-02,2.948859530e-03,2.948859530e-03,1.992335520e-02,1.321496252e-04,6.581662084e+03,2.644860158e-01,2.488472619e+04,1030301,-2.977012336e-06,7.873115505e-04,2.371896101e+00,4.105179556e-09,9.480507904e+01,True,True,False,-4.587578826e-06,-4.587578826e-06,-2.052237496e-07,6.491061220e-06,2.944271951e-03,2.944271951e-03,1.992314997e-02,True,True,pass,1.071875000e-03,101,2.143750000e-05,2.143750000e-05,2.143750000e-05
50,0.000000000e+00,-3.910891089e-02,3.746683168e-02,5.873848376e+03,1.995196842e-01,-1.865847772e-06,1.132427614e-04,1.862346619e-08,3.557576965e-02,0.000000000e+00,-3.930184839e-02,3.738108168e-02,2.111348891e-04,5.377668213e+03,2.767143493e-01,1.943400559e+04,1030301,-1.883386499e-06,3.926100437e-05,3.466976951e-01,1.731496684e-09,1.323255409e+01,True,True,False,-7.665268763e-18,-1.853032036e-06,1.128187406e-06,2.169454897e-06,-7.665268763e-18,-3.930370142e-02,3.738220987e-02,True,True,pass,1.071875000e-03,101,2.143750000e-05,2.143750000e-05,2.143750000e-05
51,-3.910891089e-02,0.000000000e+00,3.746683168e-02,5.873848376e+03,1.995196842e-01,-1.865847772e-06,1.132427614e-04,1.862346619e-08,3.557576965e-02,-3.930184839e-02,0.000000000e+00,3.738108168e-02,2.111348891e-04,5.377668213e+03,2.767143493e-01,1.943400559e+04,1030301,-1.883386499e-06,3.926100438e-05,3.466976951e-01,1.731496684e-09,1.323255409e+01,True,True,False,-1.853032036e-06,7.658992770e-18,1.128187407e-06,2.169454897e-06,-3.930370142e-02,7.658992770e-18,3.738220987e-02,True,True,pass,1.071875000e-03,101,2.143750000e-05,2.143750000e-05,2.143750000e-05
52,0.000000000e+00,3.910891089e-02,3.746683168e-02,5.873848376e+03,1.995196842e-01,-1.865847772e-06,1.132427614e-04,1.862346619e-08,3.557576965e-02,0.000000000e+00,3.930184839e-02,3.738108168e-02,2.111348891e-04,5.377668213e+03,2.767143493e-01,1.943400559e+04,1030301,-1.883386499e-06,3.926100436e-05,3.466976950e-01,1.731496684e-09,1.323255409e+01,True,True,False,-1.143700697e-17,1.853032036e-06,1.128187406e-06,2.169454896e-06,-1.143700697e-17,3.930370142e-02,3.738220987e-02,True,True,pass,1.071875000e-03,101,2.143750000e-05,2.143750000e-05,2.143750000e-05
53,3.910891089e-02,0.000000000e+00,3.746683168e-02,5.873848376e+03,1.995196842e-01,-1.865847772e-06,1.132427614e-04,1.862346619e-08,3.557576965e-02,3.930184839e-02,0.000000000e+00,3.738108168e-02,2.111348891e-04,5.377668213e+03,2.767143493e-01,1.943400559e+04,1030301,-1.883386499e-06,3.926100437e-05,3.466976950e-01,1.731496684e-09,1.323255409e+01,True,True,False,1.853032036e-06,2.895070307e-17,1.128187406e-06,2.169454897e-06,3.930370142e-02,2.895070307e-17,3.738220987e-02,True,True,pass,1.071875000e-03,101,2.143750000e-05,2.143750000e-05,2.143750000e-05
54,-3.465346535e-03,-3.465346535e-03,1.559207921e-02,6.638161941e+03,2.308960265e-01,-2.031260983e-06,5.411546542e-05,1.495766667e-08,5.197976096e-02,-2.993721535e-03,-2.993721535e-03,1.548489171e-02,6.755364101e-04,8.314772733e+03,4.032003241e-01,2.062193961e+04,1030301,-2.083574334e-06,7.262797106e-04,1.342092699e+01,8.322486427e-09,8.467458453e+01,True,True,False,-2.223830661e-06,-2.223830661e-06,-7.564053905e-06,8.191810368e-06,-2.995945365e-03,-2.995945365e-03,1.547732765e-02,True,True,pass,1.071875000e-03,101,2.143750000e-05,2.143750000e-05,2.143750000e-05
55,3.465346535e-03,-3.465346535e-03,1.559207921e-02,6.638161941e+03,2.308960265e-01,-2.031260983e-06,5.411546542e-05,1.495766667e-08,5.197976096e-02,2.993721535e-03,-2.993721535e-03,1.548489171e-02,6.755364101e-04,8.314772733e+03,4.032003241e-01,2.062193961e+04,1030301,-2.083574334e-06,7.262797106e-04,1.342092699e+01,8.322486427e-09,8.467458453e+01,True,True,False,2.223830661e-06,-2.223830661e-06,-7.564053905e-06,8.191810368e-06,2.995945365e-03,-2.995945365e-03,1.547732765e-02,True,True,pass,1.071875000e-03,101,2.143750000e-05,2.143750000e-05,2.143750000e-05
56,-3.465346535e-03,3.465346535e-03,1.559207921e-02,6.638161941e+03,2.308960265e-01,-2.031260983e-06,5.411546542e-05,1.495766667e-08,5.197976096e-02,-2.993721535e-03,2.993721535e-03,1.548489171e-02,6.755364101e-04,8.314772733e+03,4.032003241e-01,2.062193961e+04,1030301,-2.083574334e-06,7.262797106e-04,1.342092699e+01,8.322486427e-09,8.467458453e+01,True,True,False,-2.223830661e-06,2.223830661e-06,-7.564053905e-06,8.191810368e-06,-2.995945365e-03,2.995945365e-03,1.547732765e-02,True,True,pass,1.071875000e-03,101,2.143750000e-05,2.143750000e-05,2.143750000e-05
57,3.465346535e-03,3.465346535e-03,1.559207921e-02,6.638161941e+03,2.308960265e-01,-2.031260983e-06,5.411546542e-05,1.495766667e-08,5.197976096e-02,2.993721535e-03,2.993721535e-03,1.548489171e-02,6.755364101e-04,8.314772733e+03,4.032003241e-01,2.062193961e+04,1030301,-2.083574334e-06,7.262797106e-04,1.342092699e+01,8.322486427e-09,8.467458453e+01,True,True,False,2.223830661e-06,2.223830661e-06,-7.564053905e-06,8.191810368e-06,2.995945365e-03,2.995945365e-03,1.547732765e-02,True,True,pass,1.071875000e-03,101,2.143750000e-05,2.143750000e-05,2.143750000e-05
58,2.277227723e-02,0.000000000e+00,4.256386139e-02,6.700977802e+02,5.982924560e-02,-3.747943799e-07,3.208731421e-05,1.367699356e-08,3.132271733e-02,2.242927723e-02,6.431250000e-05,4.256386139e-02,3.489772165e-04,4.892620833e+02,6.296629258e-02,7.770222182e+03,1030301,-3.862308276e-07,1.489344297e-04,4.641536177e+00,8.776342097e-10,1.070643055e+01,True,True,False,6.467925015e-06,-1.579438025e-06,-2.276509660e-06,7.036417747e-06,2.243574515e-02,6.273306198e-05,4.256158488e-02,True,True,pass,1.071875000e-03,101,2.143750000e-05,2.143750000e-05,2.143750000e-05
59,0.000000000e+00,-2.277227723e-02,4.256386139e-02,6.700977802e+02,5.982924560e-02,-3.747943799e-07,3.208731421e-05,1.367699356e-08,3.132271733e-02,-6.431250000e-05,-2.242927723e-02,4.256386139e-02,3.489772165e-04,4.892620833e+02,6.296629258e-02,7.770222182e+03,1030301,-3.862308276e-07,1.489344297e-04,4.641536177e+00,8.776342097e-10,1.070643055e+01,True,True,False,1.579438025e-06,-6.467925016e-06,-2.276509660e-06,7.036417747e-06,-6.273306198e-05,-2.243574515e-02,4.256158488e-02,True,True,pass,1.071875000e-03,101,2.143750000e-05,2.143750000e-05,2.143750000e-05
60,0.000000000e+00,2.277227723e-02,4.256386139e-02,6.700977802e+02,5.982924560e-02,-3.747943799e-07,3.208731421e-05,1.367699356e-08,3.132271733e-02,6.431250000e-05,2.242927723e-02,4.256386139e-02,3.489772165e-04,4.892620833e+02,6.296629258e-02,7.770222182e+03,1030301,-3.862308276e-07,1.489344297e-04,4.641536177e+00,8.776342097e-10,1.070643055e+01,True,True,False,-1.579438025e-06,6.467925016e-06,-2.276509660e-06,7.036417747e-06,6.273306198e-05,2.243574515e-02,4.256158488e-02,True,True,pass,1.071875000e-03,101,2.143750000e-05,2.143750000e-05,2.143750000e-05
61,-2.277227723e-02,0.000000000e+00,4.256386139e-02,6.700977802e+02,5.982924560e-02,-3.747943799e-07,3.208731421e-05,1.367699356e-08,3.132271733e-02,-2.242927723e-02,6.431250000e-05,4.256386139e-02,3.489772165e-04,4.892620833e+02,6.296629258e-02,7.770222182e+03,1030301,-3.862308276e-07,1.489344297e-04,4.641536177e+00,8.776342098e-10,1.070643055e+01,True,True,False,-6.467925016e-06,-1.579438025e-06,-2.276509660e-06,7.036417747e-06,-2.243574515e-02,6.273306198e-05,4.256158488e-02,True,True,pass,1.071875000e-03,101,2.143750000e-05,2.143750000e-05,2.143750000e-05
